{
  "api": {
    "port": "API_PORT",
    "token": "API_TOKEN",
    "dirLogs": "API_DIR_LOGS"
  },
  "redis": {
    "host": "REDIS_HOST",
    "port": "REDIS_PORT",
    "password": "REDIS_PWD",
    "db": "REDIS_DB"
  },
  "geckoBoard": {
    "apiKey": "GECKO_API_KEY",
    "pushTime" : "WIDGETS_DEFAULT_PUSH_TIME",
    "widgets": {
      "leadsMonth": {
        "id": "WIDGET_LEADS_MONTH",
        "pushTime" : "WIDGET_LEADS_MONTH_TIME"
      },
      "leadsToday": {
        "id": "WIDGET_LEADS_TODAY",
        "pushTime": "WIDGET_LEADS_TODAY_TIME"
      },
      "latestCustomers": {
        "id": "WIDGET_LAST_CUSTOMERS",
        "pushTime": "WIDGET_LAST_CUSTOMERS_TIME"
      },
      "latestLeads": {
        "id": "WIDGET_LAST_LEADS",
        "pushTime": "WIDGET_LAST_LEADS_TIME"
      },      
      "currentActiveUsers": {
        "id": "WIDGET_CURRENT_ACTIVE_USERS",
        "pushTime": "WIDGET_CURRENT_ACTIVE_USERS_TIME"
      }

    }
  },
  "chartMogul": {
    "apiToken": "CHARTMOGUL_API_TOKEN",
    "apiSecret": "CHARTMOGUL_API_SECRET"
  },
  "google-analytics": {
    "viewId": "GA_VIEW_ID",
    "auth": {
      "iss": "GA_SERVICE_EMAIL",
      "keyFile" : "GA_KEY_FILE_PATH"
    }
  }
}
