{
  "prefix" : "$API_HOST/chartmogul/*",
  "leads": "GET /leads",
  "leadsToday": "GET /leads/today",
  "Nb Customers": "GET /customers",
  "MRR": "GET /mrr",
  "Net MRR Churn": "GET /mrr/churn",
  "Net MRR Movements": "GET /mrr/net",
  "MRR Movements": "GET /mrr/move",
  "ARR": "GET /arr",
  "ARPA": "GET /arpa",
  "Top plans/customers": "GET /plans/top?filter=!api",
  "Top API Plans": "GET /plans/top?filter=api",
  "Country customers": "GET /customers/country",
  "Latest Customers": "GET /customers/last",
  "Latest Leads": "GET /leads/last",
  
}
